event_hour,events,active_users,buy,cart,fav,pv
0,33778,3188,587,1837,1067,30287
1,17286,1665,224,882,578,15602
2,9308,979,122,483,343,8360
3,6344,748,76,345,201,5722
4,5293,644,56,349,200,4688
5,6843,822,90,361,248,6144
6,14162,1854,158,775,453,12776
7,25604,3320,398,1488,729,22989
8,34290,4389,623,2035,1016,30616
9,40544,5145,966,2242,1267,36069
10,48297,5715,1279,2573,1258,43187
11,48295,5923,1242,2793,1422,42838
12,47675,5890,1241,2632,1340,42462
13,52263,6066,1251,2891,1457,46664
14,51918,5944,1271,2800,1504,46343
15,53599,6014,1237,2936,1410,48016
16,50747,5970,1121,2863,1382,45381
17,47849,5900,999,2618,1279,42953
18,46716,5880,923,2497,1333,41963
19,60016,6274,1148,3153,1609,54106
20,72816,6599,1366,4143,1767,65540
21,83182,6761,1324,4645,2029,75184
22,83357,6448,1334,5160,2236,74627
23,61650,5125,950,3876,1901,54923
